LP.;Kod 9-znakowy;Nazwa stacji;Rzeka;Rok założenia;Szerokość geograficzna;Długość geograficzna;Rzędna zera wodowskazu;Kilometr biegu rzeki
1;149180010;Krzyżanowice;Odra (1);1927;49 59 37;18 17 14;184.806;713.04
2;149180020;Chałupki;Odra (1);1891;49 55 19;18 19 40;192.727;725.83
3;149180030;Łaziska;Olza (114);2006;49 55 28;18 26 35;199.352;9.3
4;149180040;Gołkowice;Szotkówka (1148);1962;49 55 33;18 29 47;207.436;3.83
5;149180050;Zebrzydowice;Piotrówka (1146);1961;49 52 48;18 36 48;224.881;18.53
6;149180060;Cieszyn;Olza (114);1895;49 44 45;18 37 47;266.239;37.4
7;149180070;Cieszyn;Młynówka (11448);1963;49 44 46;18 37 53;271.389;1.36
8;149180080;DROGOMYŚL;Wisła (2);2006;49 53 09;18 44 58;253.594;974.6
9;149180090;MIZERÓW-BORKI;Pszczynka (2116);;49 59 56;18 46 07;250.515;32.78
10;149180100;SKOCZÓW;Wisła (2);1895;49 48 12;18 47 30;285.829;986.28
11;149180110;Ustroń-Obłaziec;Wisła (2);1904;49 40 50;18 51 01;398.862;1001.69
12;149180120;Górki Wielkie;Brennica (21114);1946;49 46 21;18 51 08;324.085;3.13
13;149180130;Istebna;Olza (114);1959;49 34 19;18 53 34;534.009;80.27
14;149180140;Wisła;Wisła (2);1904;49 37 55;18 54 03;470.717;1009.56
15;149180160;Wisła-Czarne;Wisła (2);2005;49 37 08;18 55 07;510.378;1011.74
16;149180180;Wisła-Czarne (Biała Wisełka);Biała Wisełka (2111152);2005;49 37 05;18 56 08;551.577;0.0
17;149180200;Wisła-Czarne (Czarna Wisełka);Wisła (2);2005;49 36 27;18 55 34;553.378;1013.39
18;149180210;Zabrzeg;Wisła (2);2006;49 55 31;18 56 07;241.824;956.99
19;149180220;Pszczyna;Pszczynka (2116);1958;49 58 45;18 56 45;240.22;17.4
20;149180230;Podkępie;Wapienica (21128);1930;49 53 44;18 58 39;243.544;2.1
21;149180240;Goczałkowice;Wisła (2);1901;49 55 54;18 59 09;238.518;952.41
22;149180250;CZECHOWICE-DZIEDZICE;Iłownica (2112);1895;49 54 49;18 59 11;240.733;1.44
23;149180300;Olza;Odra (1);2003;49 57 17;18 19 34;186.162;718.19
24;149190010;CZECHOWICE-BESTWINA;Biała (2114);1956;49 53 29;19 01 49;258.853;6.9
25;149190020;KAMESZNICA;Bystra (213232);1910;49 34 05;19 04 11;452.532;1.24
26;149190030;MIKUSZOWICE;Biała (2114);1927;49 46 46;19 04 27;360.987;21.38
27;149190040;UJSOŁY;Woda Ujsolska (21322);1942;49 29 34;19 07 02;520.172;2.63
28;149190050;RAJCZA;Soła (2132);1949;49 30 50;19 06 59;482.106;76.36
29;149190060;JAWISZOWICE;Wisła (2);1887;49 58 21;19 07 19;231.591;939.12
30;149190070;ŁODYGOWICE;Żylica (213274);1945;49 43 38;19 08 10;367.719;3.02
31;149190080;CIĘCINA;Soła (2132);1900;49 37 29;19 08 56;383.276;59.65
32;149190090;ŻABNICA;Żabniczanka (213234);1925;49 33 53;19 10 49;565.0;7.62
33;149190100;Żywiec;Soła (2132);1887;49 41 11;19 11 35;342.122;50.61
34;149190120;CZANIEC-KOBIERNICE;Soła (2132);2005;49 50 54;19 13 40;281.664;29.95
35;149190140;ŁĘKAWICA;Łękawka (213278);1962;49 42 42;19 15 44;358.519;2.74
36;149190150;PEWEL MAŁA;Koszarawa (21324);1962;49 39 31;19 18 20;405.239;9.84
37;149190160;RUDZE;Wieprzówka (21348);1896;49 57 42;19 26 33;230.942;1.22
38;149190170;ZATOR;Skawa (2134);1867;49 59 57;19 26 44;220.816;4.7
39;149190180;WADOWICE;Skawa (2134);1867;49 52 38;19 30 40;254.209;22.54
40;149190190;ZAWOJA;Skawica (21344);1957;49 38 26;19 32 07;577.629;17.15
41;149190200;SUCHA BESKIDZKA;Stryszawka (21346);1902;49 44 36;19 36 04;324.008;0.37
42;149190210;SUCHA BESKIDZKA;Skawa (2134);1887;49 44 22;19 36 31;324.177;44.35
43;149190220;SKAWICA DOLNA;Skawica (21344);1928;49 41 10;19 39 49;408.113;4.09
44;149190230;CZERNICHÓW-PROM;Wisła (2);1995;49 58 53;19 39 47;203.825;875.36
45;149190250;JABŁONKA;Piekielnik (82224);1954;49 28 20;19 41 43;609.651;0.82
46;149190260;OSIELEC;Skawa (2134);1917;49 41 00;19 44 21;393.762;57.8
47;149190270;RADZISZÓW;Skawinka (21356);1928;49 56 24;19 48 32;213.631;8.67
48;149190280;KONIÓWKA;Dunajec (214);1966;49 23 44;19 49 06;725.937;224.55
49;149190290;JORDANÓW;Skawa (2134);1928;49 38 11;19 49 48;443.062;72.49
50;149190300;KOŚCIELISKO-KIRY;Kirowa Woda (214112);1917;49 16 33;19 52 05;920.916;2.63
51;149190310;STRÓŻA;Raba (2138);1897;49 47 49;19 55 29;297.158;77.97
52;149190320;ZAKOPANE-DOL.STRĄŻYSKA;Młyniska (214122);1963;49 16 34;19 56 08;910.873;3.14
53;149190340;RABKA 2;Raba (2138);1984;49 36 49;19 56 56;469.183;110.38
54;149190350;KRZCZONÓW;Krzczonówka (213836);1957;49 44 12;19 57 14;344.336;2.17
55;149190360;LUDŹMIERZ ;Lepietnica (2141156);1922;49 28 07;19 58 32;596.044;0.27
56;149190370;LUBIEŃ;Lubieńka (213834);1957;49 43 11;19 58 42;342.494;0.35
57;149190380;ZAKOPANE-HARENDA;Biały Dunajec (21412);1922;49 18 58;19 58 38;763.253;21.54
58;149190390;LUDŹMIERZ;Wielki Rogoźnik (214116);1924;49 27 34;19 59 12;592.828;0.4
59;149190480;Zembrzyce;Paleczka (2134732);2024;49 46 20;19 36 59;316.485;1.35
60;149190490;Bystra 2;Bystrzanka (21342);2024;49 39 06;19 47 01;434.44;1.33
61;149190500;Rzyki;Wieprzówka (21348);2024;49 49 25;19 22 36;377.011;23.29
62;149190510;Brody;Cedron (213568);2023;49 51 59;19 41 41;283.143;23.86
63;149200010;PORONIN;Poroniec (214128);1917;49 20 14;20 00 11;730.631;0.13
64;149200020;SZAFLARY;Biały Dunajec (21412);1940;49 25 27;20 01 29;635.561;7.53
65;149200030;NOWY TARG;Dunajec (214);1898;49 29 04;20 01 52;579.44;201.1
66;149200040;KASINKA MAŁA;Raba (2138);1966;49 42 17;20 01 57;357.071;93.04
67;149200050;NOWY TARG-KOWANIEC;Dunajec (214);1940;49 29 13;20 03 13;573.685;199.29
68;149200060;MSZANA DOLNA;Raba (2138);1887;49 39 29;20 03 33;394.76;99.31
69;149200070;MORSKIE OKO;Rybi Potok (2141542);1951;49 12 03;20 04 17;1393.84;4.05
70;149200080;MSZANA DOLNA;Mszanka (21382);1902;49 40 29;20 04 46;391.937;2.88
71;149200090;DOBCZYCE;Raba (2138);1971;49 53 01;20 05 10;235.763;59.65
72;149200100;ŁYSA POLANA;Białka (214154);1917;49 15 49;20 06 54;965.716;30.99
73;149200110;TRYBSZ 2;Białka (214154);1994;49 25 04;20 07 04;639.45;9.7
74;149200120;NIEDZICA;Niedziczanka (214172);1966;49 24 41;20 18 08;495.816;1.84
75;149200130;STRADOMKA;Stradomka (21388);1957;49 55 14;20 18 30;204.904;1.77
76;149200140;SROMOWCE WYŻNE;Dunajec (214);1966;49 24 02;20 21 14;470.934;171.85
77;149200150;TYLMANOWA;Ochotnica (2141976);1966;49 31 03;20 23 14;394.486;0.99
78;149200160;KROŚCIENKO;Dunajec (214);1898;49 26 30;20 25 46;413.603;151.52
79;149200170;PROSZÓWKI;Raba (2138);1887;49 59 47;20 26 18;185.406;21.75
80;149200180;SZCZAWNICA;Grajcarek (214196);1916;49 25 13;20 29 36;468.848;3.12
81;149200190;GOŁKOWICE;Dunajec (214);1889;49 32 59;20 34 12;312.135;121.09
82;149200200;JAKUBKOWICE;Łososina (214734);1898;49 44 22;20 37 48;246.446;6.52
83;149200220;STARY SĄCZ;Poprad (2142);1887;49 34 07;20 39 35;295.494;2.74
84;149200230;CZCHÓW;Dunajec (214);1940;49 48 59;20 40 56;222.543;69.57
85;149200240;NOWY SĄCZ;Dunajec (214);1867;49 37 38;20 41 14;275.813;108.12
86;149200250;NOWY SĄCZ;Kamienica (21432);1898;49 37 31;20 41 45;278.968;0.95
87;149200260;NOWY SĄCZ;Łubinka (21434);1961;49 38 07;20 42 17;281.435;2.42
88;149200270;ŁABOWA;Kamienica (21432);1934;49 31 35;20 51 32;450.321;20.51
89;149200280;ZGŁOBICE;Dunajec (214);1867;49 58 30;20 52 46;189.728;38.88
90;149200290;MUSZYNA-MILIK;Poprad (2142);1902;49 21 00;20 53 05;440.532;53.8
91;149200300;MUSZYNA;Poprad (2142);1925;49 20 22;20 53 31;446.487;55.92
92;149200310;GRYBÓW;Biała (2148);1934;49 37 26;20 56 45;320.684;75.49
93;149200320;KOSZYCE WIELKIE;Biała (2148);1891;49 59 50;20 56 58;189.849;6.56
94;149200330;CIĘŻKOWICE;Biała (2148);1887;49 47 32;20 58 25;238.628;48.39
95;149200520;Pierzchów;Królewski Potok (213892);2024;49 56 03;20 16 48;207.72;2.72
96;149200530;Skrzynka;Krzyworzeka (213874);2024;49 52 29;20 07 58;240.61;2.84
97;149200540;Gdów 2;Raba (2138);2023;49 54 05;20 12 42;214.547;48.76
98;149209990;Piekiełko;Łososina (214734);1929;49 44 58;20 20 45;370.055;36.88
99;149210010;ROPA;Ropa (2182);2005;49 35 09;21 02 47;335.452;50.99
100;149210020;GORLICE;Sękówka (21826);1957;49 39 17;21 10 13;279.285;0.5
101;149210030;KLĘCZANY;Ropa (2182);1887;49 42 05;21 13 00;259.237;28.37
102;149210040;ŁABUZIE;Wisłoka (218);1867;49 59 16;21 18 35;184.8;71.64
103;149210050;KRAJOWICE;Wisłoka (218);1942;49 46 20;21 24 45;213.516;104.57
104;149210060;TOPOLINY;Ropa (2182);1898;49 43 29;21 26 36;224.913;3.38
105;149210070;ŻÓŁKÓW;Wisłoka (218);1887;49 43 48;21 27 33;225.014;113.61
106;149210080;JASŁO;Jasiołka (2184);1887;49 45 01;21 28 23;220.657;0.99
107;149210090;KREMPNA-KOTAŃ;Wisłoka (218);1997;49 30 59;21 29 03;371.313;155.49
108;149210100;ZBOISKA;Jasiołka (2184);1911;49 34 28;21 41 54;311.682;40.7
109;149210110;KROSNO;Wisłok (226);1888;49 41 38;21 46 29;256.92;152.99
110;149210120;GODOWA;Stobnica (2264);1975;49 50 55;21 48 42;216.151;2.78
111;149210130;ŻARNOWA;Wisłok (226);1888;49 52 40;21 49 03;213.569;102.96
112;149210140;ISKRZYNIA;Morwawa (2262);1955;49 40 38;21 51 52;266.385;1.27
113;149210150;PUŁAWY;Wisłok (226);1983;49 29 24;21 54 24;386.023;196.31
114;149210160;SIENIAWA;Wisłok (226);2005;49 34 04;21 55 48;305.474;184.81
115;149210180;Kunkowa;Przysłopianka (218232);1991;49 32 57;21 07 31;409.723;1.1
116;149210190;Uście Gorlickie;Ropa (2182);1990;49 31 11;21 08 27;396.318;63.93
117;149210200;Uście Gorlickie;Zdynia (218218);1990;49 31 03;21 08 37;394.727;0.29
118;149210210;Pastwiska;Wisłok (226);1990;49 31 20;21 55 42;339.765;190.52
119;149210450;Darów;Wisłok (226);2023;49 26 37;21 54 38;420.517;203.2
120;149210460;Odrzechowa;Odrzechowski (226156);2023;49 32 45;21 57 05;331.99;
121;149210470;Miejsce Piastowe;Lubatówka (22632);2023;49 37 52;21 46 50;281.195;12.18
122;149210480;Wisłok Wielki;Wisłok (226);2023;49 24 02;21 58 46;484.022;212.63
123;149220010;NOWOSIELCE;Pielnica (22618);1977;49 34 01;22 04 15;301.943;13.08
124;149220020;SZCZAWNE;Osława (222);1911;49 24 13;22 09 01;392.999;30.28
125;149220030;OLCHOWCE;San (22);1918;49 33 22;22 13 07;283.78;295.56
126;149220040;DYNÓW;San (22);1890;49 48 02;22 14 39;234.906;248.14
127;149220050;ZAGÓRZ;Osława (222);1903;49 30 48;22 16 08;299.073;2.62
128;149220060;LESKO;San (22);1948;49 28 09;22 19 20;315.851;316.87
129;149220070;HOCZEW;Hoczewka (2218);1926;49 25 26;22 19 42;331.058;1.35
130;149220080;CISNA;Solinka (22134);1958;49 12 48;22 19 59;543.871;19.35
131;149220100;TERKA;Solinka (22134);1922;49 17 59;22 25 45;434.36;4.14
132;149220110;KALNICA;Wetlina (221346);1965;49 11 20;22 25 45;573.014;16.03
133;149220130;ZATWARNICA;San (22);1967;49 14 06;22 33 47;485.741;378.49
134;149220140;POLANA;Czarna (22132);1965;49 18 09;22 34 27;437.412;4.24
135;149220150;DWERNIK;San (22);1926;49 13 07;22 37 58;512.061;385.25
136;149220160;RYBOTYCZE;Wiar (224);1961;49 39 16;22 38 18;286.966;41.71
137;149220170;KROŚCIENKO;Strwiąż (76);1959;49 28 23;22 39 46;400.869;34.51
138;149220180;STUPOSIANY;Wołosaty (22114);1967;49 11 09;22 41 01;544.66;1.5
139;149220190;PRZEMYŚL;San (22);1863;49 47 05;22 46 02;190.521;173.56
140;149220200;KRÓWNIKI;Wiar (224);1888;49 46 01;22 49 23;191.473;3.6
141;149220210;NIENOWICE;Wisznia (2252);1897;49 56 16;22 55 01;178.842;3.5
142;149229998;Kańczuga;Mleczka (2268);1949;49 58 48;22 25 14;194.341;22.39
143;149229999;Manasterz;Mleczka (2268);1979;49 55 39;22 20 15;217.896;32.7
144;149230020;BUDZYŃ;Szkło (2254);2003;49 59 05;23 07 20;195.067;37.45
145;150140010;Porajów;Nysa Łużycka (174);1964;50 53 14;14 49 17;228.168;196.62
146;150140020;Sieniawka;Nysa Łużycka (174);1897;50 53 47;14 50 13;225.103;195.1
147;150140030;Turoszów;Miedzianka (17416);2005;50 56 20;14 55 04;218.039;1.79
148;150140100;BOGATYNIA;Miedzianka (17416);2015;50 53 32;14 59 42;290.437;10.92
149;150140140;Kopaczów;Lubota (174134);2023;50 52 20;14 49 43;237.12;0.42
150;150150010;Mirsk;Kwisa (166);1891;50 59 22;15 23 02;325.445;109.69
151;150150020;Mirsk;Czarny Potok (16632);1922;50 59 12;15 23 02;329.106;0.29
152;150150030;Jakuszyce;Kamienna (162);1973;50 49 21;15 26 24;849.671;31.55
153;150150040;Barcinek;Kamienica (163332);1946;50 56 38;15 36 14;321.859;3.03
154;150150050;Piechowice;Kamienna (162);1944;50 51 00;15 35 18;384.512;15.59
155;150150060;Pilchowice;Bóbr (16);1902;50 57 50;15 38 26;238.876;197.82
156;150150070;Jelenia Góra;Kamienna (162);1954;50 53 55;15 43 20;326.291;1.79
157;150150080;Jelenia Góra;Bóbr (16);1887;50 54 39;15 43 17;322.365;211.54
158;150150090;Łomnica;Łomnica (1618);1956;50 52 35;15 48 11;345.74;0.43
159;150150100;Wojanów;Bóbr (16);1955;50 52 14;15 49 37;348.806;225.01
160;150150110;Kowary;Jedlica (16188);1904;50 47 41;15 50 03;452.795;10.31
161;150150120;Bukówka;Bóbr (16);1903;50 42 46;15 57 27;507.73;273.1
162;150150130;Błażkowa;Bóbr (16);1898;50 44 22;15 59 11;465.376;264.72
163;150150190;Podgórzyn;Podgórna (16288);2007;50 49 13;15 41 01;399.56;5.05
164;150150200;Sosnówka;Sośniak (16288832);2007;50 49 20;15 43 09;377.782;0.45
165;150150230;Opawa;Bóbr (16);2023;50 42 05;15 55 32;535.078;276.6
166;150159997;Miszkowice;Złotna (161152);1984;50 42 52;15 55 44;538.009;0.54
167;150160010;Kamienna Góra;Bóbr (16);1889;50 47 11;16 02 10;436.121;256.54
168;150160020;Świebodzice;Pełcznica (13486);1947;50 51 37;16 18 49;276.4;18.15
169;150160030;Chwaliszów;Strzegomka (1348);1986;50 52 40;16 13 59;299.762;67.79
170;150160040;Kudowa-Zdrój-Zakrze;Klikawa (946);1956;50 25 51;16 14 38;374.684;4.38
171;150160060;Jugowice;Bystrzyca (134);1904;50 43 59;16 24 12;367.376;86.79
172;150160070;Lubachów;Bystrzyca (134);1918;50 45 57;16 25 52;298.423;80.74
173;150160080;Tłumaczów;Ścinawka (122);1901;50 33 07;16 26 10;340.263;24.56
174;150160090;Łażany;Strzegomka (1348);1888;50 57 11;16 29 33;182.465;40.12
175;150160100;Gorzuchów;Ścinawka (122);1904;50 29 07;16 34 16;294.367;8.08
176;150160110;Szalejów Dolny;Bystrzyca Dusznicka (1218);1901;50 25 11;16 36 17;303.914;4.82
177;150160120;Krasków;Bystrzyca (134);1936;50 54 56;16 35 02;176.425;55.59
178;150160130;Mościsko;Piława (1344);1948;50 46 55;16 35 03;235.467;22.75
179;150160140;Dzierżoniów;Piława (1344);1896;50 43 33;16 38 46;252.899;31.71
180;150160150;Bystrzyca Kłodzka;Bystrzyca (1214);1898;50 17 47;16 38 55;339.728;0.25
181;150160160;Mietków;Bystrzyca (134);1986;50 58 06;16 39 02;152.782;45.91
182;150160170;Bystrzyca Kłodzka;Nysa Kłodzka (12);1898;50 17 37;16 38 54;337.823;151.38
183;150160180;Kłodzko;Nysa Kłodzka (12);1884;50 26 33;16 39 31;281.617;130.04
184;150160190;Międzylesie;Nysa Kłodzka (12);1898;50 09 20;16 39 51;425.062;172.96
185;150160200;Żelazno;Biała Lądecka (1216);1893;50 22 23;16 40 26;316.849;5.02
186;150160210;Wilkanów;Wilczka (1212);1899;50 15 55;16 39 44;362.801;2.39
187;150160220;Bardo;Nysa Kłodzka (12);1889;50 30 16;16 44 23;256.202;113.14
188;150160230;Lądek-Zdrój;Biała Lądecka (1216);1889;50 20 48;16 52 13;420.646;23.04
189;150160250;Białobrzezie;Ślęza (1336);1921;50 48 08;16 53 32;159.632;56.53
190;150160270;Kamieniec Ząbkowicki;Budzówka (1232);2005;50 31 56;16 51 54;238.113;3.07
191;150160280;Borów;Ślęza (1336);1896;50 53 20;16 59 26;136.125;37.75
192;150160290;Gniechowice;Czarna Woda (1346);2005;50 59 15;16 49 45;138.153;5.41
193;150160330;Szczytna;Kamienny Potok (12184);2023;50 24 56;16 26 35;454.805;0.93
194;150160340;Sarny;Włodzica (1224);2023;50 32 52;16 27 57;334.726;0.54
195;150160350;Szalejów Górny;Bystrzyca Dusznicka (1218);2023;50 25 06;16 32 14;339.489;12.31
196;150160360;Starków;Duna Dolna (121584);2023;50 22 39;16 34 48;341.516;3.96
197;150160370;Topolice;Duna Górna (12158);2023;50 22 01;16 36 33;332.834;3.79
198;150160380;Krosnowice;Duna Górna (12158);2023;50 23 01;16 37 43;300.684;0.38
199;150160390;Roztoki Bystrzyckie;Goworówka (12114);2023;50 11 27;16 40 20;400.131;0.07
200;150160400;Boboszów;Nysa Kłodzka (12);2024;50 06 53;16 41 30;475.19;179.7
201;150160410;Gajnik;Cieszyca (121144);2023;50 11 37;16 42 14;432.699;1.64
202;150160420;Goworów;Goworówka (12114);2023;50 10 44;16 42 43;465.576;4.31
203;150160430;Domanice;Bystrzyca (134);2024;50 56 55;16 35 11;166.81;51.0
204;150169999;Sędzisław;Bóbr (16);1967;50 49 10;16 02 43;422.449;251.35
205;150170010;Zborowice;Oława (1334);1976;50 48 20;17 10 14;146.135;52.95
206;150170030;Oława;Oława (1334);1888;50 56 52;17 17 34;124.902;31.61
207;150170040;Oława;Odra (1);1895;50 56 47;17 18 23;122.079;544.0
208;150170050;Biała Nyska;Biała Głuchołaska (12598);2005;50 26 01;17 17 51;196.367;0.39
209;150170060;Nysa;Nysa Kłodzka (12);1876;50 28 52;17 20 30;179.376;61.84
210;150170070;Głuchołazy;Biała Głuchołaska (12598);1897;50 19 02;17 22 50;279.88;18.06
211;150170080;Jarnołtówek;Złoty Potok (117644);1974;50 17 09;17 25 41;351.034;13.14
212;150170090;Brzeg;Odra (1);1891;50 51 56;17 28 10;129.188;561.41
213;150170100;Kopice;Nysa Kłodzka (12);1884;50 38 44;17 28 42;154.289;32.23
214;150170110;Prudnik;Prudnik (11764);1903;50 19 10;17 35 19;250.034;18.66
215;150170120;Niemodlin;Ścinawa Niemodlińska (128);1904;50 38 44;17 37 28;154.97;13.49
216;150170130;Ujście Nysy Kłodzkiej;Odra (1);1893;50 49 06;17 39 40;135.682;579.34
217;150170140;Skorogoszcz;Nysa Kłodzka (12);1820;50 45 43;17 40 30;140.022;7.55
218;150170150;Karłowice;Stobrawa (132);1995;50 52 43;17 43 18;140.186;12.44
219;150170160;Branice;Opawa (112);1966;50 03 04;17 46 10;287.037;58.53
220;150170170;Branice;Boczne koryto Opawy (112374);1966;50 03 05;17 46 19;286.185;0.29
221;150170180;Racławice Śląskie;Osobłoga (1176);1956;50 18 55;17 47 20;195.367;30.26
222;150170200;Domaradz;Bogacica (1324);1958;50 57 15;17 51 52;151.442;3.93
223;150170210;Krzywa Góra;Budkowiczanka (1328);1940;50 51 39;17 52 43;152.582;18.54
224;150170220;Dobra;Biała (11768);1898;50 26 53;17 53 49;165.711;1.86
225;150170240;Krapkowice;Odra (1);1834;50 28 38;17 58 05;155.648;634.95
226;150170290;Opole-Groszowice;Odra (1);2005;50 38 03;17 56 18;147.28;612.9
227;150170320;MALERZOWICE WIELKIE;Nysa Kłodzka (12);2022;50 35 04;17 28 28;162.162;40.82
228;150170330;Paczków;Nysa Kłodzka (12);2024;50 28 08;17 00 58;213.741;88.25
229;150170340;Dziewiętlice;Świdna (1259928);2024;50 24 57;17 05 07;225.43;6.93
230;150170350;Kałków;Widna (12594);2024;50 24 02;17 11 48;212.528;5.19
231;150170360;Steblów;Osobłoga (1176);2024;50 27 06;17 56 26;161.748;5.33
232;150180010;Kamionka;Stradunia (1174);1940;50 23 28;18 02 33;168.466;6.25
233;150180020;Turawa;Mała Panew (118);1934;50 44 23;18 04 36;160.42;17.7
234;150180030;Koźle;Odra (1);1862;50 21 07;18 08 48;162.597;657.01
235;150180040;Bojanów;Psina (1152);1969;50 01 50;18 09 15;195.779;9.46
236;150180050;Ozimek;Mała Panew (118);2005;50 40 45;18 12 14;175.852;30.17
237;150180060;Racibórz-Miedonia;Odra (1);1940;50 07 19;18 13 47;176.347;693.83
238;150180070;Lenartowice;Kłodnica (116);1892;50 21 27;18 14 08;172.503;7.34
239;150180080;Grabówka;Bierawka (1158);1985;50 17 04;18 16 33;176.694;5.28
240;150180090;Nędza;Sumina (11568);1887;50 09 28;18 18 38;186.345;5.08
241;150180100;Staniszcze Wielkie;Mała Panew (118);1899;50 39 48;18 20 33;186.617;42.3
242;150180110;Ruda Kozielska;Ruda (1156);1956;50 12 17;18 24 06;192.715;13.8
243;150180120;Tworóg Mały;Bierawka (1158);1955;50 15 24;18 28 00;202.065;23.03
244;150180130;Rybnik-Stodoły;Ruda (1156);2006;50 09 15;18 28 59;207.583;26.14
245;150180140;Rybnik;Nacyna (115654);1974;50 06 09;18 31 59;221.671;7.97
246;150180150;Pyskowice-Dzierżno;Kłodnica (116);2005;50 22 47;18 32 36;191.608;34.75
247;150180160;Pyskowice-Dzierżno;Drama (1166);2005;50 22 57;18 32 35;191.608;0.43
248;150180170;Pyskowice;Drama (1166);2005;50 23 11;18 35 20;205.132;3.99
249;150180190;Krupski Młyn;Mała Panew (118);1914;50 34 16;18 37 28;223.98;78.42
250;150180210;Niwki;Liswarta (1816);1930;50 49 15;18 39 45;231.676;63.02
251;150180220;Gliwice;Kłodnica (116);1908;50 17 53;18 40 06;210.865;48.09
252;150180230;Wesoła;Stoła (11816);1966;50 33 42;18 41 24;230.985;2.61
253;150180250;Kłodnica;Kłodnica (116);1955;50 14 12;18 51 51;236.23;66.45
254;150180270;Kozłowa Góra;Brynica (2126);2005;50 24 44;18 58 19;271.941;27.98
255;150180280;Rybnik-Gotartowice;Ruda (1156);2003;50 05 08;18 37 43;228.105;40.11
256;150180300;Tychy;Gostynia (2118);2023;50 05 12;18 58 40;240.0;15.5
257;150180310;Bobrowniki;Brynica (2126);2023;50 22 28;18 57 47;267.0;22.26
258;150180320;Rudziniec;Kłodnica (116);2023;50 22 43;18 24 21;186.97;24.05
259;150180330;Rybnik-Paruszowiec;Ruda (1156);2023;50 06 36;18 33 26;221.531;33.99
260;150180340;Kluczbork;Stobrawa (132);2024;50 58 09;18 14 24;181.55;57.86
261;150190010;Brynica;Brynica (2126);1922;50 28 21;19 00 02;278.872;36.01
262;150190050;Bieruń Stary;Mleczna (21188);1954;50 05 34;19 05 19;237.051;2.44
263;150190060;Bojszowy;Gostynia (2118);1955;50 03 40;19 06 30;229.671;4.15
264;150190070;Szabelnia;Brynica (2126);1947;50 15 34;19 08 12;244.653;0.09
265;150190080;Radocha;Przemsza (212);1947;50 15 39;19 08 25;244.373;27.54
266;150190100;Niwka;Biała Przemsza (2128);1922;50 14 09;19 09 39;240.555;0.78
267;150190120;PRZECZYCE;Przemsza (212);1942;50 25 38;19 10 40;275.823;52.03
268;150190130;ŁAGISZA;Przemsza (212);1969;50 21 02;19 11 08;260.124;41.66
269;150190140;BIERUŃ NOWY;Wisła (2);1833;50 03 53;19 11 37;226.218;921.0
270;150190150;Poraj;Warta (18);1958;50 40 24;19 12 14;264.358;761.03
271;150190160;OŚWIĘCIM;Soła (2132);1867;50 02 24;19 13 07;225.863;2.94
272;150190170;PUSTYNIA;Wisła (2);1887;50 03 48;19 14 11;223.369;917.14
273;150190180;JELEŃ;Przemsza (212);1896;50 09 40;19 14 23;231.147;12.88
274;150190190;PIWOŃ;Przemsza (212);1924;50 28 59;19 15 12;292.351;63.76
275;150190200;Lgota Nadwarcie;Warta (18);2005;50 37 06;19 15 34;276.658;769.97
276;150190210;Kuźnica Sulikowska;Mitręga (21234);1965;50 27 11;19 16 22;292.568;2.7
277;150190220;MSTÓW;Warta (18);1924;50 49 52;19 17 20;231.831;720.35
278;150190240;Kręciwilk;Warta (18);1930;50 32 43;19 22 13;305.093;785.34
279;150190250;Sławków;Biała Przemsza (2128);1925;50 17 59;19 23 56;278.761;28.24
280;150190260;SMOLICE;Wisła (2);1874;50 01 52;19 27 37;214.262;895.17
281;150190270;Golczowice;Biała Przemsza (2128);1954;50 21 41;19 36 09;323.0;54.78
282;150190280;Wąsosz;Pilica (254);2005;50 45 04;19 40 58;228.072;279.06
283;150190310;BALICE;Rudawa (2136);1897;50 05 35;19 48 24;216.437;10.15
284;150190330;OJCÓW;Prądnik (21374);1930;50 11 41;19 49 57;305.354;25.2
285;150190340;KRAKÓW-BIELANY;Wisła (2);1956;50 02 25;19 50 36;197.643;854.17
286;150190350;Januszewice;Czarna (2542);1972;50 56 30;19 57 39;208.895;15.26
287;150190360;Las;Wisła (2);2004;50 02 08;19 22 56;217.51;901.37
288;150190390;Częstochowa 1;Stradomka (1812);2021;50 47 45;19 07 30;243.186;0.69
289;150190400;Częstochowa 2;Kucelinka (18132);2021;50 48 22;19 09 15;241.183;1.72
290;150190410;Częstochowa 3;Warta (18);2021;50 48 50;19 07 58;240.184;734.72
291;150190420;JANUSZOWICE;Prądnik (21374);2022;50 09 04;19 53 27;255.131;16.85
292;150190430;Kamienica Polska;Kamieniczka (18118);2023;50 41 14;19 09 15;261.0;2.24
293;150190440;Słowik;Warta (18);2023;50 44 54;19 11 02;250.164;744.11
294;150190450;Nowa Kuźnica;Boży Stok (181152);2023;50 37 14;19 12 58;278.0;0.91
295;150190460;Masłońskie;Ordonka (181156);2023;50 38 57;19 15 12;277.0;0.72
296;150190470;Dąbek;Wiercica (18136);2023;50 50 58;19 26 39;221.8;4.12
297;150190480;Kraków-Łagiewniki;Wilga (21372);2024;50 00 43;19 56 16;209.862;5.19
298;150200010;MNISZEK;Nida (216);1955;50 43 39;20 17 06;217.837;125.05
299;150200020;BOCHENIEC;Wierna Rzeka (2162);1955;50 48 09;20 18 42;216.282;4.68
300;150200030;BRZEGI;Nida (216);1925;50 44 30;20 24 51;205.324;102.31
301;150200040;TOKARNIA;Czarna Nida (2164);1926;50 46 27;20 27 11;210.219;6.16
302;150200050;MICHAŁÓW;Mierzawa (2166);1980;50 29 30;20 27 23;191.6;4.47
303;150200060;SIEROSŁAWICE;Wisła (2);1876;50 07 55;20 27 24;176.401;793.05
304;150200070;BISKUPICE;Szreniawa (21392);1924;50 10 39;20 29 59;180.742;9.98
305;150200080;PIŃCZÓW;Nida (216);1924;50 30 51;20 31 13;183.609;63.71
306;150200090;Słowik;Bobrza (216482);1925;50 49 58;20 32 09;230.935;15.48
307;150200100;POPĘDZYNKA;Wisła (2);1868;50 08 29;20 32 58;173.574;785.54
308;150200120;MORAWICA;Czarna Nida (2164);1925;50 45 01;20 37 00;223.446;26.67
309;150200130;JAGODNIKI;Wisła (2);1868;50 12 02;20 40 55;170.099;770.59
310;150200140;BORZĘCIN;Uszwica (21396);1937;50 03 54;20 42 20;187.242;16.56
311;150200150;KARSY;Wisła (2);1869;50 16 30;20 46 29;165.825;757.79
312;150200160;DALESZYCE;Czarna Nida (2164);1957;50 48 03;20 48 47;250.594;52.24
313;150200170;ŻABNO;Dunajec (214);1867;50 07 55;20 51 43;172.583;17.36
314;150200180;Orłów;Szreniawa (21392);2024;50 17 03;20 02 10;243.86;61.36
315;150200190;Kamyszów;Nidzica (21398);2024;50 18 15;20 28 27;188.59;23.31
316;150200200;Wiślica 2;Nida (216);2023;50 20 26;20 40 21;171.32;25.78
317;150200210;Leszczyny;Lubrzanka (21644);2024;50 52 40;20 45 53;259.23;19.49
318;150200220;Grabie;Wisła (2);2024;50 02 43;20 08 36;185.781;827.39
319;150210010;RAKÓW;Czarna (2178);1957;50 40 34;21 01 43;219.147;48.1
320;150210020;SZCZUCIN;Wisła (2);1887;50 19 37;21 04 38;159.232;729.6
321;150210030;MOCHA;Łagowica (217832);1983;50 40 14;21 04 49;216.729;0.18
322;150210040;Rzepin;Świślina (2348);1967;50 58 22;21 05 31;217.233;19.23
323;150210050;WILKOWA;Wschodnia (21788);1940;50 27 45;21 09 57;166.449;9.63
324;150210060;STASZÓW;Czarna (2178);1940;50 33 23;21 10 23;182.532;25.67
325;150210070;WAMPIERZÓW;Breń (2174);2005;50 17 58;21 13 51;158.952;7.49
326;150210080;Nietulisko Duże;Świślina (2348);1955;50 58 44;21 14 31;176.914;3.59
327;150210090;Kunów;Kamienna (234);1929;50 57 43;21 16 44;176.214;72.19
328;150210100;POŁANIEC;Czarna (2178);1924;50 26 05;21 17 06;156.04;4.82
329;150210110;GŁOWACZOWA;Grabinka (21876);1991;50 02 59;21 18 45;189.833;7.91
330;150210120;MIELEC 2;Wisłoka (218);1991;50 16 44;21 25 49;161.53;21.97
331;150210130;PUSTKÓW;Wisłoka (218);1998;50 08 36;21 27 54;170.403;42.78
332;150210140;BRZEŹNICA;Brzeźnica (2188);1896;50 06 23;21 29 13;177.232;3.39
333;150210150;KOŁO;Wisła (2);2005;50 30 17;21 30 40;146.857;682.79
334;150210160;KOPRZYWNICA;Koprzywianka (2194);1925;50 35 45;21 34 23;149.016;15.29
335;150210170;SANDOMIERZ;Wisła (2);1881;50 40 21;21 44 46;139.259;655.07
336;150210180;Annopol;Wisła (2);1923;50 53 57;21 49 56;131.083;624.09
337;150210190;ZAWICHOST;Wisła (2);1841;50 48 21;21 51 47;133.532;635.82
338;150210200;GRĘBÓW;Łęg (2198);2005;50 34 33;21 54 43;149.032;16.17
339;150210210;RADOMYŚL;San (22);1867;50 40 25;21 55 51;138.915;9.71
340;150210220;Włochy;Pokrzywianka (234852);2006;50 54 27;21 08 49;211.267;1.65
341;150210410;Wola Raniżowska;Łęg (2198);2023;50 17 39;21 59 16;185.422;65.08
342;150220010;RZESZÓW;Wisłok (226);1863;50 02 23;22 00 56;192.641;71.41
343;150220020;RUDA JASTKOWSKA;Bukowa (2294);1960;50 35 51;22 08 23;153.227;6.25
344;150220030;NISKO;San (22);1896;50 31 12;22 11 34;149.724;39.34
345;150220040;SARZYNA;Trzebośnica (2274);1956;50 19 38;22 20 51;162.379;4.18
346;150220050;HARASIUKI;Tanew (228);1904;50 28 39;22 28 26;164.678;18.88
347;150220060;GORLICZYNA;Mleczka (2268);1907;50 05 08;22 29 14;173.495;3.84
348;150220070;Rzuchów;San (22);1873;50 14 49;22 30 07;161.775;85.4
349;150220080;TRYŃCZA;Wisłok (226);1888;50 09 44;22 32 50;165.239;5.8
350;150220090;LEŻACHÓW;San (22);1888;50 08 25;22 36 11;166.59;101.12
351;150220100;JAROSŁAW;San (22);1869;50 01 16;22 42 10;172.309;120.73
352;150220110;BIŁGORAJ;Łada (2286);1955;50 32 32;22 42 55;191.138;23.64
353;150220120;Zakłodzie;Pór (24174);2005;50 45 27;22 51 36;201.85;9.31
354;150220130;ZAPAŁÓW;Lubaczówka (2256);1950;50 06 02;22 53 24;187.387;28.65
355;150220140;CHARYTANY;Szkło (2254);1897;50 00 12;22 56 19;183.038;15.88
356;150220160;OSUCHY;Tanew (228);1955;50 23 56;22 57 18;191.888;72.25
357;150220170;Zwierzyniec;Wieprz (24);1929;50 36 40;22 58 00;218.582;321.85
358;150230010;Nielisz;Wieprz (24);1992;50 48 32;23 02 29;189.626;292.43
359;150230020;Wirkowice;Wieprz (24);1975;50 51 58;23 05 56;184.733;279.12
360;150230030;KRZAK;Łabuńka (242);1940;50 48 09;23 06 16;190.628;4.35
361;150230040;Krasnystaw;Wieprz (24);1923;50 59 07;23 10 36;174.023;245.97
362;150230050;Orłów Drewniany;Wolica (2432);1945;50 54 54;23 11 48;180.813;3.36
363;150230070;Gozdów;Huczwa (267142);1977;50 46 39;23 48 26;180.802;18.78
364;150230080;Michalów;Wieprz (24);2006;50 44 03;23 01 14;198.97;303.03
365;150240010;Strzyżów;Bug (26714);1960;50 50 22;24 02 09;171.723;554.94
366;150240020;Kryłów;Bug (26714);1997;50 40 38;24 03 45;177.709;603.23
367;151140010;Gubin;Nysa Łużycka (174);1889;51 58 19;14 42 25;37.733;13.59
368;151140020;Pleśno;Lubsza (1748);1953;51 54 56;14 45 16;44.268;6.15
369;151140030;Przewoźniki;Skroda (1746);1957;51 31 31;14 49 18;114.049;4.22
370;151140040;Przewóz;Nysa Łużycka (174);1928;51 28 20;14 56 49;120.612;101.29
371;151140050;Ręczyn;Witka (1742);1958;51 02 35;14 58 48;195.166;2.62
372;151140060;Zgorzelec;Nysa Łużycka (174);1940;51 09 40;14 59 37;175.579;152.26
373;151140170;Janiszowice;Nysa Łużycka (174);2026;51 46 43;14 39 13;66.066;46.17
374;151140180;Olszyna;Nysa Łużycka (174);2024;51 39 58;14 45 11;82.9;63.24
375;151140190;Gubin;Lubsza (1748);2024;51 56 31;14 44 04;41.65;2.39
376;151140200;Sanice;Nysa Łużycka (174);2023;51 25 02;14 58 03;129.466;109.53
377;151150010;Zgorzelec;Czerwona Woda (1744);1957;51 07 51;15 01 14;185.667;2.01
378;151150020;Ostróżno;Witka (1742);1964;51 01 15;15 01 58;210.844;9.66
379;151150030;Iłowa;Czerna Mała (1686);1948;51 30 11;15 11 54;119.749;3.0
380;151150040;Nowogród Bobrzański;Bóbr (16);2005;51 47 55;15 14 13;72.57;49.0
381;151150050;Dobroszów Wielki;Bóbr (16);1936;51 46 27;15 15 22;74.187;53.28
382;151150060;Leśna;Kwisa (166);1900;51 01 42;15 17 12;238.23;89.91
383;151150070;Żagań;Czerna Wielka (168);1948;51 36 50;15 17 23;98.189;3.71
384;151150080;Żagań;Bóbr (16);1876;51 37 05;15 18 57;92.013;76.5
385;151150090;Łozy;Kwisa (166);1953;51 29 29;15 22 07;117.534;13.04
386;151150100;Nowogrodziec;Kwisa (166);1901;51 12 11;15 23 45;187.094;58.9
387;151150110;Gryfów Śląski;Kwisa (166);2005;51 01 36;15 24 47;308.632;103.34
388;151150120;Szprotawa;Bóbr (16);1896;51 33 41;15 31 36;115.511;100.23
389;151150130;Szprotawa;Szprotawa (164);1960;51 33 55;15 33 19;118.155;2.55
390;151150140;Dąbrowa Bolesławiecka;Bóbr (16);1966;51 19 33;15 34 14;157.739;137.51
391;151150150;Nowa Sól;Odra (1);1916;51 48 08;15 43 18;58.95;333.15
392;151150160;Zagrodno;Skora (13866);1958;51 11 20;15 51 50;181.317;26.89
393;151150170;Świerzawa;Kaczawa (138);1903;51 01 04;15 53 16;256.459;69.45
394;151150180;Chojnów;Skora (13866);1898;51 16 22;15 56 44;140.128;11.2
395;151150190;Lubiatów;Obrzyca (156);1970;51 55 16;15 58 14;53.015;50.1
396;151160020;Rzymówka;Kaczawa (138);1936;51 08 22;16 01 32;149.78;42.41
397;151160030;Radzyń;Jez. Sławskie (Czernica) (15612);1955;51 52 22;16 02 17;55.619;50.23
398;151160040;Bukowna;Czarna Woda (1386);1905;51 18 36;16 02 49;124.488;17.73
399;151160050;Dunino;Kaczawa (138);1936;51 09 25;16 04 38;135.71;36.94
400;151160060;Głogów;Odra (1);1810;51 40 26;16 03 33;68.05;367.6
401;151160070;Winnica;Nysa Szalona (1384);1939;51 06 42;16 05 37;152.112;6.78
402;151160080;Rzeszotary;Czarna Woda (1386);2005;51 14 56;16 08 41;115.064;6.34
403;151160090;Jawor;Nysa Szalona (1384);1887;51 02 54;16 11 23;187.296;20.32
404;151160100;Piątnica;Kaczawa (138);1983;51 13 40;16 11 57;110.165;22.26
405;151160130;Ścinawa;Odra (1);1853;51 24 32;16 26 36;86.77;429.59
406;151160140;Osetno;Barycz (14);1892;51 37 55;16 27 36;77.64;18.12
407;151160150;Malczyce;Odra (1);1852;51 13 36;16 29 23;92.052;456.1
408;151160160;Rydzyna;Polski Rów (148);2005;51 46 58;16 40 08;81.415;33.94
409;151160170;Brzeg Dolny;Odra (1);1890;51 15 38;16 43 36;97.832;476.05
410;151160180;Bogdaszowice;Strzegomka (1348);2005;51 05 12;16 47 33;124.225;3.81
411;151160190;Jarnołtów;Bystrzyca (134);1953;51 07 18;16 50 34;116.359;13.93
412;151160200;Korzeńsko;Orla (146);1897;51 32 21;16 52 21;85.209;16.15
413;151160220;Kanclerzowice;Sąsiecznica (144);2005;51 27 13;16 57 22;87.301;6.54
414;151160230;Ślęza;Ślęza (1336);1995;51 02 15;16 59 06;120.558;17.55
415;151160260;Sława Śląska;Czernica (15612);1970;51 52 50;16 04 31;54.114;0.81
416;151160290;Żmigród;Barycz (14);2024;51 28 50;16 53 47;86.633;56.98
417;151160300;Wąsosz;Barycz (14);2024;51 33 30;16 41 19;81.422;38.46
418;151170010;Krzyżanowice;Widawa (136);1995;51 10 16;17 02 51;111.782;12.14
419;151170030;Trestno;Odra (1);1887;51 04 56;17 08 49;114.587;518.41
420;151170040;Łąki;Barycz (14);1927;51 29 35;17 08 47;93.87;75.15
421;151170050;Zbytowa;Widawa (136);1953;51 06 21;17 24 24;126.873;44.26
422;151170060;Bogdaj;Polska Woda (142);2005;51 30 58;17 33 51;115.711;14.62
423;151170070;Odolanów;Barycz (14);1890;51 34 32;17 40 12;114.322;119.54
424;151170080;Odolanów;Kuroch (1414);2005;51 34 42;17 40 13;113.967;8.05
425;151170090;Namysłów;Widawa (136);2001;51 04 49;17 42 36;145.676;69.09
426;151170110;Bogusław;Prosna (184);1891;51 53 54;17 57 13;88.034;44.06
427;151180010;Ołobok;Ołobok (1844);1940;51 38 22;18 04 08;109.35;1.88
428;151180020;Piwonice;Prosna (184);1922;51 43 36;18 06 26;102.032;74.75
429;151180030;Kuźnica Skakawska;Niesób (1842);1940;51 16 47;18 07 54;152.157;4.45
430;151180040;Mirków;Prosna (184);1910;51 18 56;18 09 17;144.74;156.93
431;151180050;Dębe;Swędrnia (18482);1937;51 47 29;18 11 52;106.944;13.01
432;151180060;Kraszewice;Łużyca (18438);1957;51 31 09;18 13 30;125.489;6.57
433;151180070;Gorzów Śląski;Prosna (184);1930;51 02 07;18 26 04;187.941;210.76
434;151180080;Sieradz;Warta (18);1921;51 36 00;18 44 31;125.225;520.82
435;151180090;Niechmirów;Oleśnica (1818);1937;51 23 17;18 45 44;148.118;4.07
436;151180100;Osjaków;Warta (18);1916;51 17 08;18 47 06;150.621;572.59
437;151180110;Uniejów;Warta (18);1916;51 58 21;18 47 28;102.352;469.13
438;151180120;Burzenin;Warta (18);1916;51 27 30;18 50 16;138.354;546.48
439;151180130;Działoszyn;Warta (18);1921;51 06 37;18 52 24;172.726;623.79
440;151180140;Podgórze;Widawka (182);1923;51 27 54;18 56 35;138.779;9.26
441;151180150;Widawa;Nieciecz (18292);1940;51 26 18;18 56 48;143.783;3.47
442;151180160;Poddębice;Ner (1832);1928;51 53 30;18 56 58;115.153;52.61
443;151180170;Rogóźno;Widawka (182);1940;51 26 08;18 58 27;141.918;15.18
444;151180180;Grabno;Grabia (1828);1940;51 27 30;18 59 07;141.678;1.82
445;151180190;Grabów nad Prosną;Prosna (184);2024;51 30 36;18 07 27;123.412;121.4
446;151180200;Kuśnie;Żeglina (18312);2024;51 32 06;18 40 51;140.562;12.32
447;151180210;Smardzew;Myja (18314);2024;51 35 49;18 39 20;133.115;8.62
448;151180220;Grabina;Pichna (183178);2024;51 45 40;18 45 46;122.148;6.21
449;151190010;Kule;Liswarta (1816);1923;51 02 34;19 02 53;184.907;1.2
450;151190020;Szczerców;Widawka (182);1962;51 19 42;19 06 49;160.222;41.23
451;151190030;Łask;Grabia (1828);1930;51 35 49;19 07 19;163.88;32.68
452;151190040;Lutomiersk;Ner (1832);;51 45 23;19 13 17;149.432;84.83
453;151190060;Bobry;Warta (18);1923;51 01 31;19 24 19;205.635;683.66
454;151190070;Gieczno;Moszczenica (2722);1971;51 59 49;19 26 35;113.81;25.03
455;151190080;Kłudzice;Luciąża (254534);1929;51 20 57;19 46 55;169.946;8.69
456;151190090;Przedbórz;Pilica (254);1929;51 05 22;19 52 30;187.388;208.57
457;151190100;Sulejów-Kopalnia;Pilica (254);1975;51 20 37;19 53 10;166.422;163.7
458;151190110;Zawada;Wolbórka (2546);1926;51 31 48;19 56 34;159.514;9.82
459;151190120;Dąbrowa;Czarna (2544);1929;51 18 50;19 58 18;172.873;6.81
460;151190130;Kazimierz;Ner (1832);2024;51 45 58;19 12 09;146.276;83.09
461;151200020;Spała;Pilica (254);1929;51 32 14;20 08 02;146.603;124.68
462;151200040;Opoczno;Drzewiczka (2548);1930;51 22 53;20 18 03;172.847;56.93
463;151200060;Wąsosz-Stara Wieś;Czarna (2544);1990;51 07 59;20 28 25;244.103;65.93
464;151200070;Wąsosz-Stara Wieś;Krasna (25442);1990;51 07 45;20 28 32;242.343;0.41
465;151200080;Odrzywół;Drzewiczka (2548);1926;51 31 10;20 33 46;140.16;17.01
466;151200090;Nowe Miasto n.Pilicą;Pilica (254);1921;51 36 33;20 34 24;128.278;83.35
467;151200100;Bzin;Kamienna (234);1929;51 06 13;20 51 20;231.571;123.31
468;151200110;Słowików;Radomka (252);1931;51 27 26;20 53 17;145.467;70.34
469;151200120;Białobrzegi;Pilica (254);1929;51 39 27;20 57 04;112.085;48.28
470;151210010;Wąchock;Kamienna (234);1946;51 04 33;21 01 08;211.606;104.15
471;151210020;Michałów;Kamienna (234);1993;51 00 42;21 06 04;196.134;92.47
472;151210040;Brody Iłżeckie;Kamienna (234);1955;51 01 17;21 12 10;184.592;83.83
473;151210050;GUSIN;Wisła (2);1974;51 53 34;21 15 16;90.769;470.69
474;151210060;ROGOŻEK;Radomka (252);1967;51 38 08;21 21 31;107.789;13.63
475;151210070;Cyganówka;Wilga (2536);1973;51 51 43;21 27 01;104.066;13.52
476;151210080;Kazanów;Iłżanka (236);1990;51 16 24;21 28 00;145.238;27.91
477;151210090;Czekarzewice;Kamienna (234);1945;51 01 59;21 40 53;135.477;15.11
478;151210100;OZIEMKÓWKA;Wilga (2536);1967;51 54 59;21 45 06;139.121;47.14
479;151210110;Mika;Okrzejka (2532);1956;51 40 24;21 45 22;130.424;41.21
480;151210120;Dęblin;Wisła (2);1919;51 33 46;21 49 35;109.262;534.57
481;151210130;BÓR;Wyżnica (2336);1964;51 00 51;21 52 41;134.516;6.33
482;151210190;PUŁAWY-AZOTY;Wisła (2);2003;51 26 43;21 56 44;113.333;552.05
483;151210220;Kolonia Nadwiślańska;Wisła (2);2024;51 07 29;21 47 26;124.066;596.65
484;151220010;Kośmin;Wieprz (24);1919;51 34 23;22 00 05;115.093;19.77
485;151220040;Witowice;Kurówka (2392);1971;51 24 33;22 05 10;131.379;15.64
486;151220050;MŁYNISKA;Minina (2492);1990;51 32 34;22 23 12;134.609;11.64
487;151220070;Lublin;Bystrzyca (246);1960;51 13 04;22 32 32;168.914;31.71
488;151220080;Tchórzew;Tyśmienica (248);1924;51 40 45;22 33 22;130.644;14.34
489;151220090;Lubartów;Wieprz (24);1922;51 29 53;22 38 37;140.312;112.15
490;151220100;Sobianowice;Bystrzyca (246);1924;51 18 06;22 41 17;157.84;11.82
491;151220110;Siemień;Tyśmienica (248);1929;51 38 35;22 46 42;134.828;36.91
492;151220120;PARCZEW;Piwonia (2482);1933;51 38 51;22 54 29;143.195;11.05
493;151220130;BISKUPICE;Giełczewka (244);1955;51 09 18;22 56 43;168.494;6.53
494;151220140;PUCHACZÓW;Wierzniczka (2456);1954;51 18 20;22 58 30;161.043;8.9
495;151220150;Zemborzyce;Bystrzyca (246);2023;51 09 20;22 29 31;177.474;40.95
496;151230010;Trawniki;Wieprz (24);1974;51 08 19;23 00 04;164.731;201.14
497;151230020;Rossosz;Muława (26714484);1973;51 51 28;23 07 55;143.643;1.53
498;151230030;Okuninka;Włodawka (2671436);1933;51 31 18;23 31 22;154.367;4.78
499;151230040;WŁODAWA;Bug (26714);1897;51 33 05;23 33 59;151.61;373.67
500;151230050;RUDA-OPALIN;Uherka (2671434);1954;51 15 24;23 35 05;166.355;9.35
501;151230060;Dorohusk;Bug (26714);1897;51 11 06;23 48 28;166.723;467.02
502;152140010;Bielinek;Odra (1);1839;52 55 45;14 09 15;-0.976;89.17
503;152140020;Gozdowice;Odra (1);1854;52 45 51;14 19 04;3.142;117.59
504;152140050;Słubice;Odra (1);1810;52 20 53;14 33 20;17.595;179.25
505;152140060;Kostrzyn nad Odrą;Odra (1);2004;52 35 57;14 36 38;8.338;145.47
506;152140070;Kostrzyn nad Odrą;Warta (18);1818;52 34 55;14 39 44;8.898;4.13
507;152140080;Maczków;Ilanka (178);1969;52 16 30;14 44 40;29.336;14.98
508;152140090;Biała Góra;Odra (1);2001;52 05 36;14 43 38;28.04;218.25
509;152140100;Dolsk;Myśla (1912);1900;52 48 10;14 50 35;44.039;49.86
510;152140110;SĄDÓW;Pliszka (176);1969;52 13 10;14 50 51;36.412;15.28
511;152140120;Myślibórz;Myśla (1912);1948;52 55 17;14 51 44;56.75;73.8
512;152140130;Połęcko;Odra (1);1890;52 03 09;14 53 32;32.771;233.6
513;152150010;Świerkocin;Warta (18);1998;52 39 02;14 59 58;11.333;28.94
514;152150020;Stary Raduszec;Bóbr (16);2005;52 02 11;15 04 43;35.583;1.96
515;152150040;Gorzów Wielkopolski;Warta (18);1780;52 43 48;15 15 11;15.629;57.29
516;152150050;Nietków;Odra (1);1893;52 02 47;15 20 51;42.253;271.61
517;152150080;Santok;Warta (18);1921;52 44 01;15 23 48;17.044;67.72
518;152150090;Santok;Noteć (188);2004;52 44 21;15 25 04;19.047;0.76
519;152150100;Bledzew;Obra (1878);1900;52 31 03;15 25 16;32.202;23.04
520;152150110;Skwierzyna;Warta (18);1822;52 36 07;15 30 01;21.982;90.97
521;152150130;Cigacice;Odra (1);1862;52 01 59;15 36 27;47.559;291.22
522;152150140;Gościmiec;Noteć (188);1928;52 46 32;15 38 18;20.768;18.38
523;152150150;Ługi;Jez. Żabie (Mierzęcka Struga) (18888);1959;52 56 28;15 41 39;47.763;27.74
524;152150170;Smolno Wielkie;Obrzyca (156);1955;52 04 25;15 46 28;50.25;12.42
525;152150180;Mierzęcin;Mierzęcka Struga (18888);1957;52 57 21;15 49 46;42.38;13.81
526;152150190;Nowe Drezdenko;Noteć (188);1811;52 51 03;15 50 15;24.379;37.36
527;152150200;Międzychód;Warta (18);1999;52 36 15;15 53 10;29.266;125.8
528;152150220;Zbąszyń;Obra (1878);1892;52 15 01;15 55 23;50.491;101.83
529;152150230;Chełst;Miała (18892);1961;52 49 45;15 56 57;25.524;15.8
530;152150240;Drawiny;Drawa (1888);1842;52 53 08;15 58 40;29.961;4.36
531;152160010;Krzyż;Noteć (188);1913;52 51 42;16 00 06;25.803;49.26
532;152160050;Wronki;Warta (18);1946;52 42 42;16 22 48;36.791;169.46
533;152160060;Konojad;Mogilnica (18568);1940;52 09 05;16 31 55;63.849;7.63
534;152160070;Czarnków;Noteć (188);1822;52 54 30;16 33 15;38.461;93.58
535;152160080;Szamotuły;Sama (1872);1944;52 36 44;16 34 54;61.214;16.24
536;152160090;Kościan;Kanał Mosiński (1856);1952;52 05 24;16 38 39;64.386;31.32
537;152160100;Oborniki;Warta (18);1847;52 38 37;16 48 49;42.109;204.75
538;152160110;Kowanówko;Wełna (186);1959;52 40 07;16 50 12;51.408;6.46
539;152160120;Ryczywół;Flinta (1868);1940;52 48 57;16 50 22;70.625;15.34
540;152160130;Mosina;Kanał Mosiński (1856);1893;52 14 54;16 51 23;57.548;2.98
541;152160140;Poznań-Most Rocha;Warta (18);1927;52 24 08;16 56 43;49.544;241.23
542;152160150;Głuszyna;Kopel (18574);1955;52 19 01;16 57 12;58.246;4.15
543;152170010;Śrem;Warta (18);1822;52 05 35;17 00 58;57.961;290.31
544;152170030;Wierzenica;Główna (18592);1949;52 27 33;17 04 17;75.287;10.25
545;152170040;Pruśce;Wełna (186);1888;52 46 23;17 05 54;72.039;40.86
546;152170060;Nowa Wieś Podgórna;Warta (18);1884;52 08 30;17 35 22;67.08;340.78
547;152170080;Pyzdry;Warta (18);1895;52 10 04;17 41 43;68.611;350.42
548;152170110;Żnin - jezioro;Jez. Żnińskie Duże (Gąsawka) (18836);1955;52 51 08;17 44 15;76.919;31.58
549;152170120;Samarzewo;Wrześnica (1838);1958;52 13 24;17 44 35;76.47;4.2
550;152170130;Ląd;Warta (18);1999;52 12 13;17 53 10;72.613;368.77
551;152170150;Trąbczyn;Czarna Struga (18356);1937;52 08 17;17 58 34;79.372;6.69
552;152179994;Raszewy;Lutynia (1852);1940;52 05 24;17 36 59;72.314;11.91
553;152180010;Gębice;Noteć Zachodnia (1882);1908;52 36 02;18 02 00;78.206;27.76
554;152180020;Goryszewo;Panna (18826);1975;52 37 37;18 02 07;80.239;1.0
555;152180030;Pakość;Noteć (188);1882;52 48 00;18 05 35;72.865;265.89
556;152180050;Sławsk;Warta (18);1992;52 11 54;18 08 00;75.865;391.19
557;152180060;Posoka;Powa (18352);1966;52 12 11;18 13 21;81.542;3.85
558;152180080;Kruszwica;Jez. Gopło (Noteć) (188);1882;52 40 27;18 19 38;74.607;289.65
559;152180090;Noć Kalina;Noteć (188);1922;52 26 18;18 22 50;76.268;318.82
560;152180100;Łysek;Noteć (188);1956;52 24 24;18 30 13;88.135;333.95
561;152180110;Kościelec;Kiełbaska Duża (18334);1937;52 10 31;18 34 31;87.711;6.95
562;152180120;Koło;Warta (18);1946;52 11 43;18 38 04;88.18;436.93
563;152180130;OTŁOCZYNEK;Tążyna (2796);1963;52 53 51;18 41 25;48.632;6.35
564;152180140;Grzegorzew;Rgilewka (18332);1937;52 12 00;18 44 34;92.514;8.87
565;152180150;Dąbie;Ner (1832);1921;52 05 05;18 49 26;93.494;12.95
566;152180160;Konin-Morzysław;Kanał Ślesiński (1834);2012;52 13 50;18 17 39;78.62;0.23
567;152180180;Zaborowo;Pichna (18812);2023;52 25 10;18 24 42;81.262;1.53
568;152190020;WŁOCŁAWEK-RUDA;Zgłowiączka (278);1979;52 38 56;19 01 19;49.799;5.51
569;152190030;WŁOCŁAWEK;Wisła (2);1925;52 39 48;19 04 10;41.218;262.3
570;152190040;LIPNO;Mień (2794);1956;52 50 46;19 10 41;77.278;27.29
571;152190050;Kwiatkówek;Bzura (272);1988;52 03 45;19 13 03;100.374;121.6
572;152190080;PARZEŃ;Skrwa (2756);1947;52 39 14;19 32 28;67.522;21.9
573;152190100;Bielawy;Mroga (27234);1956;52 04 25;19 39 00;96.368;7.55
574;152190110;Sierpc;Sierpienica (27564);1928;52 51 25;19 40 15;103.46;5.33
575;152190120;KĘPA POLSKA;Wisła (2);1968;52 25 53;19 57 48;57.329;332.21
576;152190160;Babiec;Skrwa (2756);2024;52 54 08;19 41 22;105.536;83.93
577;152199992;Łowicz;Bzura (272);1928;52 06 36;19 57 39;79.018;63.69
578;152199995;Płock;Wisła (2);1876;52 32 19;19 40 26;56.059;306.36
579;152199997;Kutno;Ochnia (27218);1937;52 13 57;19 21 01;100.395;17.4
580;152200010;Kęszyce;Rawka (2726);1929;52 08 09;20 07 53;76.905;3.1
581;152200020;Trzciniec;Wkra (268);1967;52 55 50;20 10 19;105.354;113.72
582;152200030;WYSZOGRÓD;Wisła (2);1946;52 23 05;20 11 35;60.355;351.19
583;152200050;Żuków;Bzura (272);2005;52 15 42;20 16 09;67.493;28.89
584;152200060;Sarbiewo;Raciążnica (26872);1956;52 42 07;20 21 12;92.958;11.2
585;152200070;Władysławów;Łasica (27296);1937;52 19 20;20 21 15;67.141;8.71
586;152200080;Strachowo;Płonka (26876);1963;52 37 50;20 26 19;90.184;7.03
587;152200090;Krubice;Utrata (2728);1946;52 14 23;20 27 06;79.173;17.89
588;152200100;Luberadz;Łydynia (2686);1955;52 45 41;20 28 38;94.643;10.97
589;152200110;MODLIN;Wisła (2);1926;52 25 50;20 39 35;66.548;385.27
590;152200120;Borkowo;Wkra (268);1998;52 33 42;20 39 56;75.413;19.53
591;152200130;Orzechowo;Narew (26);2002;52 29 17;20 51 52;70.017;16.7
592;152200150;WYCHÓDŹC;Wisła (2);2013;52 23 38;20 25 22;63.631;367.36
593;152209994;Nowe Miasto;Sona (2688);1955;52 39 21;20 37 58;87.323;10.63
594;152209996;Sochocin;Wkra (268);1928;52 41 07;20 28 09;84.661;47.81
595;152209997;Duranów;Pisia Gągolina (27276);1929;52 11 59;20 14 21;74.5;3.0
596;152210020;Piaseczno 2;Jeziorka (258);1929;52 03 48;21 02 22;94.088;15.84
597;152210030;MAKÓW MAZOWIECKI;Orzyc (2658);1924;52 51 39;21 06 25;90.229;25.38
598;152210040;Warszawa-Nadwilanówka;Wisła (2);1967;52 11 11;21 06 29;76.805;430.83
599;152210060;ZAMBSKI KOŚCIELNE;Narew (26);1964;52 45 22;21 12 22;79.114;79.31
600;152210070;WÓLKA MLĄDZKA;Świder (256);1960;52 08 21;21 19 49;96.73;15.1
601;152210090;Wyszków;Bug (26714);1902;52 35 18;21 27 10;81.58;26.41
602;152210100;CZARNOWO;Orz (2656);1945;52 53 00;21 32 14;89.786;11.09
603;152210110;Zawiszyn;Osownica (2671488);1953;52 29 12;21 39 22;97.737;4.09
604;152210120;Łochów;Liwiec (267148);1929;52 30 36;21 40 42;95.082;18.29
605;152210130;Nowe Kaczkowo;Brok (2671476);1966;52 43 42;21 57 20;96.491;7.75
606;152210140;JAGODNE;Kostrzyń (2671484);1924;52 12 06;21 58 41;132.585;18.03
607;152210150;Popowo;Bug (26714);2013;52 31 41;21 10 32;77.062;3.43
608;152210170;WARSZAWA-BULWARY;Wisła (2);2017;52 14 50;21 01 15;75.168;421.68
609;152210180;Pułtusk;Narew (26);2024;52 42 10;21 05 36;77.409;61.08
610;152219993;Różan;Narew (26);1919;52 53 07;21 24 22;84.832;115.01
611;152219996;Zielonka;Długa (267184);1937;52 18 46;21 08 25;83.529;9.78
612;152220010;Zaliwie-Piegawki;Liwiec (267148);1966;52 15 11;22 05 41;129.663;93.71
613;152220050;Frankopol;Bug (26714);1916;52 24 54;22 33 39;109.713;148.85
614;152220060;HRUSZEW;Toczna (2671458);1966;52 19 14;22 43 13;122.23;11.71
615;152220070;Brańsk;Nurzec (267146);1930;52 44 38;22 49 07;122.32;48.86
616;152220080;SURAŻ;Narew (26);1928;52 56 56;22 57 18;116.105;350.87
617;152220100;Kozarze;Nurzec (267146);2024;52 40 11;22 28 35;107.363;13.1
618;152229999;MAŁKINIA;Bug (26714);1878;52 40 27;22 00 58;95.692;84.72
619;152230010;Boćki;Nurzec (267146);1930;52 39 06;23 02 17;134.45;71.97
620;152230020;Porosiuki;Krzna (267144);1973;52 01 12;23 03 31;137.204;45.91
621;152230030;CHRABOŁY;Orlanka (2614);1954;52 51 44;23 11 45;123.924;6.72
622;152230040;PLOSKI;Narew (26);2005;52 54 08;23 13 56;121.81;384.25
623;152230050;Perkowice;Zielawa (2671448);1973;51 59 47;23 17 06;134.43;5.09
624;152230060;TRZEŚCIANKA;Rudnia (26136);1977;52 56 20;23 25 32;129.011;6.26
625;152230070;Malowa Góra;Krzna (267144);1926;52 06 13;23 28 03;127.767;9.26
626;152230080;Krzyczew;Bug (26714);1967;52 08 49;23 29 57;125.216;255.63
627;152230090;NAREW;Narew (26);1927;52 54 57;23 31 22;129.514;415.38
628;152230100;NAREWKA;Narewka (2612);1925;52 51 47;23 43 31;138.756;12.01
629;152230110;BONDARY;Narew (26);1963;52 56 25;23 44 56;135.091;441.72
630;152230120;SIEMIANÓWKA;Narew (26);2005;52 56 25;23 45 26;141.436;442.3
631;152230190;BIAŁOWIEŻA-PARK;Narewka (2612);2000;52 42 05;23 50 29;149.916;38.58
632;152230200;ZABUŻE;Bug (26714);2014;52 19 03;23 02 56;115.614;194.24
633;153140010;Świnoujście;Morze Bałtyckie (0);1810;53 54 30;14 15 52;-4.915;0.0
634;153140020;Widuchowa;Odra (1);1901;53 07 21;14 22 55;-5.013;60.83
635;153140030;Gryfino;Odra (1);1883;53 15 25;14 29 04;-5.023;44.04
636;153140040;Trzebież;Zalew Szczeciński (319);1881;53 39 33;14 31 08;-4.934;0.0
637;153140050;Szczecin Most Długi;Odra (1);1851;53 25 21;14 33 35;-4.982;23.08
638;153140060;Wolin;Cieśnina Dziwna (35);1811;53 50 17;14 37 00;-4.918;28.9
639;153140070;Dziwnów;Morze Bałtyckie (0);1853;54 01 14;14 43 54;-4.915;0.38
640;153140080;Widzieńsko;Gowienica (314);1967;53 39 56;14 44 41;5.929;13.32
641;153140090;Goleniów;Ina (198);1872;53 33 47;14 49 37;1.885;15.85
642;153140100;Żelewo;Płonia (197432);1955;53 16 39;14 51 48;12.04;25.99
643;153140110;Okunica;Płonia (197432);1961;53 11 51;14 56 17;13.84;37.09
644;153140190;Szczecin-Podjuchy;Regalica (1974);2004;53 22 08;14 35 33;-5.054;20.46
645;153140200;Morzyczyn;Jez. Miedwie (Płonia) (197432);2011;53 21 05;14 54 59;13.391;26.2
646;153150010;Stargard;Ina (198);1946;53 21 01;15 02 27;15.891;58.08
647;153150020;Morzyca;Mała Ina (1986);1958;53 12 31;15 08 49;30.397;22.33
648;153150030;Kulice;Sąpólna (4268);1978;53 39 36;15 10 06;45.005;16.12
649;153150040;Gogolewo;Krąpiel (1988);1916;53 22 57;15 10 21;42.308;24.42
650;153150050;Resko;Rega (42);1956;53 46 22;15 23 43;31.939;80.61
651;153150070;Drozdowo;Dębosznica (432168);1978;53 59 57;15 33 53;25.843;23.74
652;153150080;Łobez;Rega (42);1947;53 37 45;15 36 48;54.244;118.63
653;153150090;Gola Dolna;Rega (42);1966;53 44 59;15 43 50;73.916;143.82
654;153150100;Drawno;Drawa (1888);1941;53 13 04;15 45 50;75.607;69.8
655;153150120;Drawsko Pomorskie;Drawa (1888);1873;53 31 37;15 48 39;107.553;137.45
656;153150190;Mołstowo;Mołstowa (428);2023;53 59 14;15 21 49;11.458;7.78
657;153160020;Tychówko;Parsęta (44);1946;53 54 03;16 03 55;33.235;82.95
658;153160030;Stare Drawsko;Drawa (1888);1956;53 36 06;16 11 42;127.346;180.25
659;153160040;Czaplinek;Jez. Drawsko (Drawa) (1888);1970;53 33 39;16 13 34;127.421;175.31
660;153160070;Nadarzyce;Piława (18865994);1957;53 27 57;16 29 45;119.495;50.63
661;153160080;Storkowo;Parsęta (44);1984;53 46 45;16 29 42;83.924;140.72
662;153160110;Wiesiółka;Dobrzyca (188659948);1957;53 16 18;16 36 44;83.965;12.13
663;153160160;Ujście 2;Noteć (188);1818;53 03 18;16 43 17;45.628;119.13
664;153160170;Ujście;Noteć (188);1818;53 03 17;16 43 49;45.628;119.78
665;153160180;Piła;Gwda (1886);1888;53 09 04;16 44 22;54.528;24.87
666;153160190;Zabrodzie;Piława (18865994);1955;53 15 26;16 44 54;67.013;5.83
667;153160200;Gwda Wielka;Gwda (1886);1891;53 44 25;16 47 37;132.092;122.05
668;153160210;Ptusza;Gwda (1886);1945;53 22 00;16 47 47;79.943;57.55
669;153160250;Okonek;Czarna (188654);1969;53 31 29;16 50 06;122.986;11.85
670;153160260;Czarne;Czernica (18862);1969;53 41 40;16 57 04;125.899;10.43
671;153170010;Białośliwie;Noteć (188);1856;53 04 25;17 07 29;46.658;149.52
672;153170040;Wyrzysk;Łobżonka (1884);1952;53 09 03;17 16 15;60.883;13.84
673;153170050;Ciecholewy;Brda (292);1946;53 48 52;17 24 39;120.255;173.04
674;153170060;Swornegacie;Brda (292);1892;53 51 35;17 29 54;118.022;158.53
675;153170070;Swornegacie;Zbrzyca (292372);1892;53 52 57;17 30 34;118.622;0.44
676;153170080;Charzykowy;Jez. Charzykowskie (Brda) (292);1955;53 44 16;17 30 30;120.082;164.38
677;153170100;Nakło-Zachód;Noteć (188);1831;53 07 25;17 33 44;49.53;182.7
678;153170110;Motyl;Sępolna (29274);1978;53 25 41;17 49 36;84.84;6.84
679;153170120;Tuchola;Brda (292);1946;53 34 23;17 54 12;87.597;85.64
680;153170140;Smukała;Brda (292);1946;53 11 17;17 57 47;39.79;20.53
681;153179996;Chociński Młyn;Chocina (292332);1962;53 49 53;17 26 54;126.163;10.35
682;153180010;Czarna Woda;Wda (294);1946;53 50 28;18 05 34;111.094;142.17
683;153180020;FORDON;Wisła (2);1873;53 08 48;18 10 12;24.796;166.99
684;153180030;Bożepole Szlacheckie;Wierzyca (298);1922;53 58 35;18 13 52;109.354;116.72
685;153180040;Tleń;Prusina (2946);1967;53 37 12;18 15 28;69.35;1.55
686;153180050;Błędno;Wda (294);1930;53 42 06;18 20 50;80.407;72.45
687;153180060;Krąplewice;Wda (294);1930;53 29 22;18 22 51;31.025;22.29
688;153180080;Chełmno;Wisła (2);1810;53 21 47;18 24 54;19.045;135.36
689;153180090;Toruń;Wisła (2);1760;53 00 28;18 36 27;32.053;207.23
690;153180100;GRUDZIĄDZ;Wisła (2);1810;53 29 06;18 44 43;13.99;107.34
691;153180110;Brody Pomorskie;Wierzyca (298);1931;53 51 30;18 45 37;15.939;11.77
692;153180120;Hel;Morze Bałtyckie (0);1896;54 36 07;18 48 02;-4.934;0.0
693;153180130;Kwidzyn;Liwa (522);1952;53 43 20;18 54 41;10.435;27.27
694;153180140;Elgiszewo;Drwęca (28);1948;53 03 39;18 55 42;45.816;29.74
695;153180150;Rogóżno 2;Osa (296);1889;53 31 00;18 56 56;31.433;20.31
696;153190010;Świecie;Lutryna (2966);1946;53 26 36;19 05 53;48.272;1.54
697;153190020;Lisnowo;Osa (296);1889;53 26 55;19 08 08;54.822;49.25
698;153190030;Prabuty;Jez. Dzierzgoń (liwa) (522);1975;53 46 45;19 11 59;78.302;76.26
699;153190040;Bągart;Elbląg (54);1959;53 57 58;19 22 09;-5.077;38.61
700;153190050;Brodnica;Drwęca (28);1948;53 15 20;19 24 03;67.517;99.68
701;153190080;Iława;Jez. Jeziorak (Iławka) (2856);1946;53 35 58;19 33 13;90.388;15.89
702;153190090;Nowe Miasto Lubawskie;Drwęca (28);1946;53 25 20;19 35 24;79.945;152.11
703;153190100;Dziarny;Iławka (2856);1959;53 34 14;19 36 53;97.014;8.66
704;153190120;Rodzone;Drwęca (28);1963;53 31 20;19 39 35;84.955;170.6
705;153190130;Kuligi;Wel (286);1947;53 25 46;19 41 27;94.915;11.66
706;153190140;Samborowo;Drwęca (28);1971;53 40 10;19 48 21;86.686;194.52
707;153190150;Lidzbark;Wel (286);1955;53 16 00;19 49 07;127.382;46.44
708;153190170;Ostróda;Jez. Drwęckie (Drwęca) (28);1946;53 42 10;19 57 34;90.582;197.08
709;153190180;Bachotek;Skarlanka (2876);2006;53 19 12;19 26 35;68.588;5.35
710;153190190;TAMA BRODZKA;Skarlanka (2876);2006;53 16 54;19 28 37;69.743;0.26
711;153200010;Idzbark;Drwęca (28);1971;53 40 20;20 02 02;96.397;220.03
712;153200020;SZREŃSK;Mławka (2684);1937;53 00 35;20 07 42;112.452;8.62
713;153200030;Kalisty;Pasłęka (56);1990;53 55 02;20 11 45;75.218;131.41
714;153200040;Tomaryny;Pasłęka (56);1905;53 44 10;20 12 24;104.152;169.26
715;153200050;Sarnowo;Szkotówka (2682);1955;53 16 08;20 14 47;150.996;3.98
716;153200070;OLSZTYN-KORTOWO;Łyna (584);1960;53 45 23;20 28 18;100.983;161.34
717;153200090;SZYPRY;Jez. Wadąg (Wadąg) (5844);2006;53 50 08;20 34 25;103.564;8.96
718;153200160;WIELBARK;Sawica (26542);1972;53 24 06;20 56 39;120.256;0.79
719;153210010;KRUKOWO;Omulew (2654);1930;53 18 32;21 06 29;114.584;66.9
720;153210020;KRASNOSIELC;Orzyc (2658);1929;53 02 07;21 09 16;101.84;59.86
721;153210040;MYSZYNIEC;Rozoga (2652);1938;53 23 11;21 20 27;119.583;45.56
722;153210050;SPYCHOWO;Krutynia (264326);1951;53 36 31;21 20 48;124.784;49.68
723;153210070;BIAŁOBRZEG BLIŻSZY;Omulew (2654);1972;53 06 30;21 28 43;94.48;10.22
724;153210090;OSTROŁĘKA;Narew (26);1876;53 05 02;21 33 46;89.472;145.57
725;153210120;WALERY;Rozoga (2652);2005;53 08 50;21 37 10;93.397;5.33
726;153210130;Głodowo;Jez. Śniardwy (Pisa) (264);1971;53 43 34;21 39 20;113.369;94.9
727;153210140;SZKWA;Szkwa (26518);2005;53 10 49;21 41 09;91.664;2.36
728;153210170;PTAKI;Pisa (264);1921;53 23 35;21 47 32;104.929;39.0
729;153210180;Zaruzie;Ruż (26516);1956;53 08 54;21 48 01;98.969;7.28
730;153210190;PISZ;Pisa (264);1850;53 37 28;21 48 23;112.734;84.07
731;153210200;MALDANIN;Jez. Roś (Pisa) (264);1901;53 39 02;21 49 26;113.884;86.02
732;153210210;NOWOGRÓD;Narew (26);1919;53 13 36;21 51 55;93.08;179.77
733;153210220;DOBRYLAS;Pisa (264);1938;53 17 09;21 51 53;98.174;12.14
734;153210230;MIKOSZE;Orzysza (26458);1974;53 48 21;21 55 23;116.941;8.97
735;153220010;PIĄTNICA-ŁOMŻA;Narew (26);1876;53 11 36;22 05 36;95.406;203.84
736;153220050;EŁK;Jez. Ełckie (2628939);1893;53 49 13;22 20 39;118.591;50.91
737;153220060;EŁK;Ełk (2628);1971;53 49 54;22 23 00;119.807;58.4
738;153220070;WIZNA;Narew (26);1900;53 12 03;22 24 29;97.553;249.76
739;153220080;PROSTKI;Ełk (2628);1970;53 42 02;22 26 21;114.009;33.22
740;153220090;CZACHY;Wissa (26296);1956;53 22 41;22 26 46;102.111;6.28
741;153220100;BURZYN;Biebrza (262);1946;53 16 27;22 27 33;98.942;7.88
742;153220110;CHEŁCHY;Lega (2626);1973;53 52 46;22 28 04;121.848;89.55
743;153220130;STRĘKOWA GÓRA;Narew (26);1916;53 13 11;22 32 19;99.274;260.04
744;153220140;PRZECHODY;Ełk (2628);1958;53 33 18;22 35 11;108.018;11.45
745;153220150;KUCZE;Lega (2626);1951;53 46 56;22 35 49;117.834;71.09
746;153220160;OSOWIEC;Ełk (2628);1953;53 29 12;22 37 36;103.591;1.16
747;153220170;OSOWIEC;Biebrza (262);1946;53 28 59;22 38 19;103.597;51.23
748;153220180;ZAWADY;Ślina (26196);2005;53 09 25;22 40 25;106.217;7.19
749;153220190;RAJGRÓD;Jez. Rajgrodzkie (Lega) (2626);1953;53 43 58;22 41 59;116.162;55.96
750;153220200;RAJGRÓD;Lega (2626);1946;53 43 50;22 42 06;116.022;55.67
751;153220220;WOŹNAWIEŚ;Lega (2626);1975;53 41 01;22 44 58;112.524;44.02
752;153220230;KULESZE-CHOBOTKI;Nereśl (2618);1968;53 14 30;22 45 53;104.351;4.24
753;153220240;RACZKI;Netta (2622);1954;53 59 27;22 47 10;145.038;72.48
754;153220250;DOLISTOWO STARE;Biebrza (262);1981;53 33 12;22 54 25;105.949;76.9
755;153220260;DĘBOWO;Biebrza (262);1946;53 36 35;22 55 49;108.151;84.1
756;153220270;BABINO;Narew (26);2005;53 09 15;22 56 33;104.134;299.64
757;153220280;BIAŁOBRZEGI;Netta (2622);1946;53 48 15;22 57 59;116.435;32.64
758;153220290;SZCZEBRA;Blizna (26224);1957;53 54 22;22 58 31;121.795;3.0
759;153220310;CZARNA WIEŚ;Kanał Kuwasy (262898);2004;53 42 40;22 38 22;115.623;14.75
760;153230010;FASTY;Supraśl (2616);1928;53 10 43;23 01 36;108.98;7.51
761;153230020;KARPOWICZE;Brzozówka (2624);1946;53 35 07;23 02 36;111.732;13.41
762;153230060;ZAWADY;Biała (26168);1963;53 09 37;23 06 24;112.255;7.82
763;153230070;SZTABIN;Biebrza (262);1946;53 40 19;23 06 59;113.861;109.26
764;153230080;SOCHONIE;Czarna (26166);1980;53 13 01;23 10 50;118.466;4.01
765;153230110;SUPRAŚL;Supraśl (2616);2005;53 12 45;23 20 18;120.036;39.96
766;153230120;JAŁOWY RÓG;Czarna Hańcza (64);1973;53 54 00;23 24 21;107.573;49.04
767;153230130;HARASIMOWICZE;Sidra (26214);1971;53 39 45;23 26 56;115.824;7.04
768;153230140;SOKOŁDA;Sokołda (26162);1956;53 14 50;23 28 35;128.872;8.43
769;153230160;Gródek;Supraśl (2616);1958;53 05 42;23 40 18;137.816;84.58
770;153230170;NOWOSIÓŁKI;Supraśl (2616);1931;53 10 24;23 31 48;128.836;62.81
771;154150010;Trzebiatów;Rega (42);1947;54 03 49;15 15 39;0.005;14.43
772;154150030;Kołobrzeg;Morze Bałtyckie (0);1810;54 11 12;15 33 12;-4.902;0.0
773;154150040;Bardy;Parsęta (44);1885;54 05 30;15 42 50;3.784;25.33
774;154150050;Białogard;Parsęta (44);1946;54 00 11;15 58 35;19.369;61.55
775;154150060;Rościęcino;Parsęta (44);2024;54 06 55;15 36 26;;12.47
776;154150070;Karlino;Parsęta (44);2024;54 02 20;15 52 10;;45.37
777;154150080;Mrzeżyno;Morze Bałtyckie (0);2025;54 08 30;15 17 10;-4.905;
778;154160020;Białogórzyno;Radew (448);1924;54 03 45;16 07 00;25.59;31.19
779;154160030;Koszalin;Dzierżęcinka (45614);1947;54 11 08;16 11 20;22.644;10.81
780;154160040;Sianów;Uniesta (45618);1962;54 13 22;16 17 02;3.006;8.12
781;154160060;Grabowo;Grabowa (468);1974;54 17 54;16 26 15;6.328;18.55
782;154160070;Stary Kraków;Wieprza (46);1946;54 26 32;16 36 23;5.367;22.31
783;154160080;Cybulino;Radew (448);1984;54 02 25;16 37 04;71.429;77.81
784;154160090;Krąg;Grabowa (468);1946;54 14 34;16 43 23;26.567;43.04
785;154160100;Pieszcz;Moszczeniczka (4672);1978;54 27 26;16 46 11;10.706;2.47
786;154160110;Ustka;Morze Bałtyckie (0);1858;54 35 17;16 51 14;-4.914;0.0
787;154160120;Korzybie;Wieprza (46);1947;54 16 50;16 52 42;29.751;70.98
788;154160130;Ciecholub;Studnica (464);1956;54 09 57;16 54 07;53.35;2.08
789;154160140;Charnowo;Słupia (472);1946;54 32 46;16 55 39;2.69;12.42
790;154160150;Darłowo;Morze Bałtyckie (0);1819;54 26 21;16 22 49;-4.904;
791;154160160;Zielnowo;Wieprza (46);2024;54 26 31;16 28 32;;10.23
792;154169997;Sławno;Wieprza (46);1946;54 21 57;16 41 18;;49.17
793;154170010;Słupsk;Słupia (472);1873;54 28 12;17 01 52;12.849;34.71
794;154170020;Krępa;Glaźna (4728);1975;54 25 07;17 02 57;21.812;1.98
795;154170030;Skarszów Dolny;Skotawa (4726);1956;54 21 54;17 07 07;25.349;1.05
796;154170040;Kwisno;Wieprza (46);1956;54 05 06;17 07 49;123.113;120.79
797;154170060;Smołdzino;Łupawa (474);1886;54 39 42;17 12 53;2.478;13.45
798;154170070;Gałążnia Mała;Słupia (472);1946;54 17 18;17 18 06;50.273;78.02
799;154170080;Łupawa;Łupawa (474);1946;54 25 10;17 24 56;67.156;65.97
800;154170090;Izbica;Jez. Łebsko (Łeba) (476);1955;54 40 52;17 25 41;-4.942;2.84
801;154170100;Łeba;Morze Bałtyckie (0);1890;54 45 48;17 33 02;-4.913;
802;154170110;Cecenowo;Łeba (476);1946;54 39 16;17 33 51;1.275;28.23
803;154170120;Soszyca;Słupia (472);1966;54 15 00;17 34 47;108.387;120.87
804;154170130;Pogorzelice;Pogorzelica (4764);1977;54 29 18;17 35 43;20.313;6.35
805;154170150;Zawiaty;Łupawa (474);1946;54 19 57;17 37 13;112.403;92.62
806;154170160;Lębork;Łeba (476);1966;54 32 31;17 44 50;14.699;59.63
807;154170180;Wawrzynowo;Wda (294);1946;54 02 44;17 53 51;135.333;181.42
808;154170190;Borucino;Jez. Raduńskie Górne (Radunia) (4868);1971;54 15 12;17 59 29;156.827;97.31
809;154170230;Obrowo;Łupawa (474);2004;54 15 46;17 35 57;112.602;100.87
810;154170240;Borucino;Borucinka (48681152);2004;54 15 20;17 58 48;159.599;0.29
811;154170320;Głuszynko;Darżyńska Struga (47436);2023;54 29 35;17 27 11;63.972;6.02
812;154170330;Łebsko;Morze Bałtyckie (0);2024;54 45 11;17 32 12;;
813;154170340;Żelkówko;Słupia (472);2023;54 21 37;17 05 05;22.117;53.43
814;154179991;Stężyca;Radunia (4868);1975;54 12 24;17 57 16;161.257;103.58
815;154179998;Damno;Łupawa (474);1946;54 31 45;17 19 34;31.045;42.19
816;154180010;Sarnowy;Wierzyca (298);1930;54 04 22;18 00 58;143.375;146.23
817;154180020;Miłoszewo;Łeba (476);1947;54 26 24;18 01 46;121.362;110.3
818;154180030;Zamostne;Reda (478);1904;54 39 01;18 06 12;28.168;36.56
819;154180040;Ostrzyce;Jez. Ostrzyckie (Radunia) (4868);1947;54 15 23;18 06 41;159.274;76.73
820;154180050;Warszkowski Młyn;Piaśnica (4772);1966;54 41 30;18 09 11;21.835;22.67
821;154180060;Goręczyno;Radunia (4868);1905;54 15 49;18 09 53;155.353;72.5
822;154180070;Bolszewo;Bolszewka (4784);1965;54 36 39;18 10 00;29.459;2.86
823;154180080;Wejherowo;Reda (478);1941;54 36 48;18 13 30;19.594;25.59
824;154180090;Puck;Morze Bałtyckie (0);1931;54 43 21;18 24 39;-4.911;0.0
825;154180100;Władysławowo;Morze Bałtyckie (0);1938;54 47 48;18 25 07;-4.944;0.0
826;154180110;Zapowiednik;Wierzyca (298);1970;54 02 19;18 28 10;93.989;89.59
827;154180120;Gdynia;Morze Bałtyckie (0);1931;54 31 04;18 33 19;-4.913;0.0
828;154180140;Gdańsk Port Północny;Morze Bałtyckie (0);1815;54 23 59;18 41 53;-4.937;0.0
829;154180150;Tczew;Wisła (2);1811;54 05 14;18 48 20;-0.496;33.78
830;154180160;Gdańsk Sobieszewo;Martwa Wisła (48);1926;54 20 47;18 48 55;-4.966;18.66
831;154180170;Wiślina;Motława (486);2004;54 18 27;18 43 31;-4.612;10.75
832;154180180;Suchy Dąb;Bielawa (4864);2004;54 13 53;18 43 55;-4.861;0.92
833;154180190;Gdańsk Przegalina;Wisła (2);1895;54 18 38;18 55 45;-5.019;5.93
834;154180200;Gdańsk Świbno;Wisła (2);1897;54 20 11;18 56 08;-4.995;2.71
835;154180210;Gdańsk Ujście Wisły;Wisła (2);1947;54 21 10;18 56 35;-5.035;0.85
836;154180220;Gdańska Głowa;Wisła (2);1898;54 16 01;18 57 05;-4.998;10.51
837;154180230;Borucino;Radunia (4868);2004;54 15 10;17 59 46;155.411;97.28
838;154180260;Pruszcz Gdański;Kanał Raduński (48696);2015;54 15 12;18 37 48;7.204;13.04
839;154180270;Pruszcz Gdański;Radunia (4868);2015;54 15 00;18 37 49;5.488;10.78
840;154180280;Dębki;Morze Bałtyckie (0);2023;54 49 53;18 03 45;-5.0;0.28
841;154180290;Reda-Cedron;Reda (478);2023;54 36 35;18 16 09;;19.68
842;154180300;Skarszewy;Wietcisa (2984);2023;54 03 24;18 25 45;104.5;3.01
843;154190010;Nowy Dwór Gdański;Tuja (5146);1947;54 12 52;19 06 47;-5.04;10.63
844;154190020;Tujsk;Szkarpawa (514);1948;54 17 03;19 08 18;-5.044;8.65
845;154190030;Osłonka;Zalew Wiślany (5119);1949;54 15 54;19 14 41;-4.986;0.08
846;154190040;Nowotki;Nogat (52);1947;54 15 09;19 18 00;-4.998;3.94
847;154190050;Nowakowo;Elbląg (54);1811;54 13 50;19 21 47;-5.112;2.75
848;154190060;Elbląg;Elbląg (54);1896;54 10 19;19 23 16;-5.138;9.68
849;154190070;Krynica Morska;Zalew Wiślany (5119);1934;54 22 43;19 26 43;-5.007;0.0
850;154190080;Żukowo;Jez. Druzno (5459999);1975;54 06 10;19 27 03;-5.275;16.17
851;154190090;Tolkmicko;Zalew Wiślany (5119);1947;54 19 24;19 31 23;-4.994;0.0
852;154190100;Pasłęk;Wąska (5456);1960;54 04 14;19 39 36;6.722;14.65
853;154190110;Nowe Sadłuki;Bauda (558);1997;54 15 37;19 42 42;19.117;27.88
854;154190130;Nowa Pasłęka;Zalew Wiślany (5119);1949;54 25 33;19 44 46;-5.004;0.0
855;154190140;Braniewo;Pasłęka (56);1886;54 23 03;19 49 35;-5.159;9.34
856;154190150;Pierzchały 2;Pasłęka (56);2006;54 18 02;19 50 56;15.306;24.19
857;154190160;Pierzchały;Pasłęka (56);1970;54 18 03;19 50 56;3.541;24.18
858;154190170;Łozy;Pasłęka (56);1979;54 11 41;19 57 03;20.643;53.86
859;154190180;NOWY ŚWIAT- UJŚCIE;Morze Bałtyckie (0);2023;54 21 50;19 18 40;-5.0;
860;154190200;NOWY ŚWIAT - ZALEW;Zalew Wiślany (59);2023;54 21 02;19 18 46;-5.0;
861;154200010;Bornity;Wałsza (568);1947;54 11 09;20 02 52;34.019;13.07
862;154200020;Krosno;Drwęca Warmińska (566);1999;54 07 51;20 10 22;50.615;15.13
863;154200030;SMOLAJNY;Łyna (584);1900;54 01 33;20 23 49;68.004;108.98
864;154200040;PIASECZNO;Elma (58474);1951;54 13 10;20 33 01;71.954;16.53
865;154209999;Olkowo;Pasłęka (56);1888;54 06 21;20 02 18;30.1;82.31
866;154210010;SĘPOPOL;Łyna (584);1839;54 15 58;21 00 21;26.302;18.85
867;154210020;PROSNA;Guber (5848);1924;54 14 01;21 05 12;28.943;10.2
868;154210030;BYKOWO;Sajna (58488);1960;54 13 14;21 06 38;33.183;4.4
869;154210040;Kronowo;Jez. Dejguny (Kanały Iławki i Dejguny) (264132);1974;54 03 00;21 34 02;115.312;9.34
870;154210060;PRZYSTAŃ;Jez. Mamry (Węgorapa) (582);1974;54 11 27;21 39 01;114.467;50.88
871;154210070;WĘGORZEWO;Węgorapa (582);2006;54 13 36;21 43 51;110.936;41.78
872;154210080;PRYNOWO;Węgorapa (582);1906;54 14 39;21 43 12;109.526;37.28
873;154210090;GIŻYCKO;Pisa (264);1850;54 02 08;21 45 40;114.707;149.13
874;154210100;MIEDUNISZKI;Węgorapa (582);1962;54 19 35;21 58 48;86.291;2.0
875;154210110;Smokowo;Dejna (58482);2024;54 03 58;21 19 25;67.5;2.07
876;154220010;BANIE MAZURSKIE;Gołdapa (5824);1908;54 14 52;22 01 47;100.437;12.08
877;154220020;BORKI;Jez. Litygajno (Ełk) (2628);1959;54 06 00;22 10 17;131.445;96.2
878;154220030;MAŁE WRONKI;Ełk (2628);1957;54 01 18;22 13 19;128.307;89.33
879;154220050;JURKISZKI;Gołdapa (5824);1954;54 18 33;22 22 05;152.542;63.51
880;154220070;WÓLKA;Jez. Rospuda Filipowska (Netta) (2622);1959;54 12 14;22 37 00;168.641;107.63
881;154220090;BRÓD STARY;Czarna Hańcza (64);1992;54 08 04;22 52 50;172.599;126.12
882;154220100;KLESZCZÓWEK;Szeszupa (68);1977;54 16 15;22 54 38;144.769;19.32
883;154220110;GOŁDAP 2;Gołdapa (5824);2012;54 18 46;22 18 43;145.556;55.09
884;154230010;POSZESZUPIE;Szeszupa (68);1964;54 20 40;23 01 15;118.993;4.27
885;154230030;CZERWONY FOLWARK;Czarna Hańcza (64);1946;54 04 11;23 07 02;129.713;96.57
886;154230040;ZELWA;Marycha (648);1964;54 01 37;23 27 31;121.282;45.94
887;250161110;Golińsk;Ścinawka (122);2025;50 38 49;16 12 12;;
